{"camera_matrix": [[1181.1761353508189, 0.0, 964.8542292687661], [0.0, 1161.3232404969665, 544.7732179508633], [0.0, 0.0, 1.0]], "dist_coeffs": [[-0.04136038800105471, 0.6944883251949197, -0.016328119460187307, 0.000680341308438439, -2.351941942682704]], "rotation_matrix": [[0.1399846216476871, 0.9901014668326216, 0.01016814034350283], [0.38843330269090987, -0.04546644650772447, -0.9203544814921001], [-0.9107820129222943, 0.13278511820927624, -0.39095298607295803]], "translation_vector": [[-1.4322423200125698], [-0.5304611317447203], [3.141506648497254]]}