{"camera_matrix": [[1188.4452528595134, 0.0, 918.1635045267849], [0.0, 1185.4956701128033, 563.6809036641804], [0.0, 0.0, 1.0]], "dist_coeffs": [[0.20746414575518476, -0.5337006354335715, -0.0013784513774811793, -0.005106959608251296, 0.2864588384038474]], "rotation_matrix": [[-0.1115086071197543, 0.9933716275028244, -0.02790412533304698], [0.3166685632610085, 0.008903376865559198, -0.9484944654148482], [-0.941959049842625, -0.11460165597747679, -0.3155623692185099]], "translation_vector": [[-1.3160835921366478], [-0.5074956817937754], [3.381481416395642]]}